<metadata xml:lang="en"><Esri><CreaDate>20160703</CreaDate><CreaTime>11385100</CreaTime><ArcGISFormat>1.0</ArcGISFormat><SyncOnce>FALSE</SyncOnce><DataProperties><itemProps><itemName Sync="TRUE">impervious_btv</itemName><imsContentType Sync="TRUE">002</imsContentType><itemLocation><linkage Sync="TRUE">file://\\ACCD-JBOWER-LT\C$\Users\jennifer.bower\Desktop\demos\parcels\impervious_btv.shp</linkage><protocol Sync="TRUE">Local Area Network</protocol></itemLocation><nativeExtBox><westBL Sync="TRUE">438213.375000</westBL><eastBL Sync="TRUE">446242.375000</eastBL><southBL Sync="TRUE">216430.968800</southBL><northBL Sync="TRUE">226920.265600</northBL><exTypeCode Sync="TRUE">1</exTypeCode></nativeExtBox><itemSize Sync="TRUE">0.000</itemSize></itemProps><coordRef><type Sync="TRUE">Projected</type><geogcsn Sync="TRUE">GCS_North_American_1983</geogcsn><csUnits Sync="TRUE">Linear Unit: Meter (1.000000)</csUnits><projcsn Sync="TRUE">NAD_1983_StatePlane_Vermont_FIPS_4400</projcsn><peXml Sync="TRUE">&lt;ProjectedCoordinateSystem xsi:type='typens:ProjectedCoordinateSystem' xmlns:xsi='http://www.w3.org/2001/XMLSchema-instance' xmlns:xs='http://www.w3.org/2001/XMLSchema' xmlns:typens='http://www.esri.com/schemas/ArcGIS/2.1.0'&gt;&lt;WKT&gt;PROJCS[&amp;quot;NAD_1983_StatePlane_Vermont_FIPS_4400&amp;quot;,GEOGCS[&amp;quot;GCS_North_American_1983&amp;quot;,DATUM[&amp;quot;D_North_American_1983&amp;quot;,SPHEROID[&amp;quot;GRS_1980&amp;quot;,6378137.0,298.257222101]],PRIMEM[&amp;quot;Greenwich&amp;quot;,0.0],UNIT[&amp;quot;Degree&amp;quot;,0.0174532925199433]],PROJECTION[&amp;quot;Transverse_Mercator&amp;quot;],PARAMETER[&amp;quot;False_Easting&amp;quot;,500000.0],PARAMETER[&amp;quot;False_Northing&amp;quot;,0.0],PARAMETER[&amp;quot;Central_Meridian&amp;quot;,-72.5],PARAMETER[&amp;quot;Scale_Factor&amp;quot;,0.9999642857142857],PARAMETER[&amp;quot;Latitude_Of_Origin&amp;quot;,42.5],UNIT[&amp;quot;Meter&amp;quot;,1.0],AUTHORITY[&amp;quot;EPSG&amp;quot;,32145]]&lt;/WKT&gt;&lt;XOrigin&gt;-5123000&lt;/XOrigin&gt;&lt;YOrigin&gt;-14708800&lt;/YOrigin&gt;&lt;XYScale&gt;450278912.53279358&lt;/XYScale&gt;&lt;ZOrigin&gt;-100000&lt;/ZOrigin&gt;&lt;ZScale&gt;10000&lt;/ZScale&gt;&lt;MOrigin&gt;-100000&lt;/MOrigin&gt;&lt;MScale&gt;10000&lt;/MScale&gt;&lt;XYTolerance&gt;0.001&lt;/XYTolerance&gt;&lt;ZTolerance&gt;0.001&lt;/ZTolerance&gt;&lt;MTolerance&gt;0.001&lt;/MTolerance&gt;&lt;HighPrecision&gt;true&lt;/HighPrecision&gt;&lt;WKID&gt;32145&lt;/WKID&gt;&lt;LatestWKID&gt;32145&lt;/LatestWKID&gt;&lt;/ProjectedCoordinateSystem&gt;</peXml></coordRef><lineage><Process ToolSource="c:\program files\arcgis\desktop10.0\ArcToolbox\Toolboxes\Conversion Tools.tbx\FeatureClassToFeatureClass" Date="20130624" Time="170733" Name="" export="">FeatureClassToFeatureClass U:\Bgis\Taxmap\upddate_cai_20130528\BTV_Parcels.gdb\cadastre_parcel\parcel_poly "Database Connections\citybase.gis.sde\btv.CITYBASE.cadastre_parcel_new" parcel_poly_new # "PIN "PIN" true true false 12 Text 0 0 ,First,#,U:\Bgis\Taxmap\upddate_cai_20130528\BTV_Parcels.gdb\cadastre_parcel\parcel_poly,PIN,-1,-1;MAPLOTNO "MAPLOTNO" true true false 14 Text 0 0 ,First,#,U:\Bgis\Taxmap\upddate_cai_20130528\BTV_Parcels.gdb\cadastre_parcel\parcel_poly,MAPLOTNO,-1,-1;PROPERTYRSN "PROPERTYRSN" true true false 4 Long 0 0 ,First,#,U:\Bgis\Taxmap\upddate_cai_20130528\BTV_Parcels.gdb\cadastre_parcel\parcel_poly,PROPERTYRSN,-1,-1;ST_NUM "ST_NUM" true true false 2 Short 0 0 ,First,#,U:\Bgis\Taxmap\upddate_cai_20130528\BTV_Parcels.gdb\cadastre_parcel\parcel_poly,ST_NUM,-1,-1;ST_NAME "ST_NAME" true true false 25 Text 0 0 ,First,#,U:\Bgis\Taxmap\upddate_cai_20130528\BTV_Parcels.gdb\cadastre_parcel\parcel_poly,ST_NAME,-1,-1;ST_TYPE "ST_TYPE" true true false 2 Text 0 0 ,First,#,U:\Bgis\Taxmap\upddate_cai_20130528\BTV_Parcels.gdb\cadastre_parcel\parcel_poly,ST_TYPE,-1,-1;FRONTAGE "FRONTAGE" true true false 8 Double 0 0 ,First,#,U:\Bgis\Taxmap\upddate_cai_20130528\BTV_Parcels.gdb\cadastre_parcel\parcel_poly,FRONTAGE,-1,-1;Shape_Length "Shape_Length" false true true 8 Double 0 0 ,First,#,U:\Bgis\Taxmap\upddate_cai_20130528\BTV_Parcels.gdb\cadastre_parcel\parcel_poly,Shape_Length,-1,-1;Shape_Area "Shape_Area" false true true 8 Double 0 0 ,First,#,U:\Bgis\Taxmap\upddate_cai_20130528\BTV_Parcels.gdb\cadastre_parcel\parcel_poly,Shape_Area,-1,-1" #</Process><Process ToolSource="C:\Program Files\ArcGIS\Desktop10.0\ArcToolbox\Toolboxes\Data Management Tools.tbx\CalculateField" Date="20130628" Time="094434" Name="" export="">CalculateField parcel_poly_info ST_NUM 50 VB #</Process><Process ToolSource="C:\Program Files\ArcGIS\Desktop10.0\ArcToolbox\Toolboxes\Data Management Tools.tbx\CalculateField" Date="20130628" Time="095749" Name="" export="">CalculateField parcel_poly_info MAPLOTNO 057-4-180-000 VB #</Process><Process ToolSource="C:\Program Files\ArcGIS\Desktop10.0\ArcToolbox\Toolboxes\Data Management Tools.tbx\CalculateField" Date="20131101" Time="143549" Name="" export="">CalculateField cadastre_parcel_poly ST_NUM 4 VB #</Process><Process ToolSource="C:\Program Files\ArcGIS\Desktop10.0\ArcToolbox\Toolboxes\Data Management Tools.tbx\CalculateField" Date="20131101" Time="143615" Name="" export="">CalculateField cadastre_parcel_poly ST_NAME "LITTLE EAGLE" VB #</Process><Process ToolSource="C:\Program Files\ArcGIS\Desktop10.0\ArcToolbox\Toolboxes\Data Management Tools.tbx\CalculateField" Date="20131101" Time="143635" Name="" export="">CalculateField cadastre_parcel_poly ST_TYPE "BAY" VB #</Process><Process ToolSource="C:\Program Files\ArcGIS\Desktop10.0\ArcToolbox\Toolboxes\Data Management Tools.tbx\CalculateField" Date="20131101" Time="143659" Name="" export="">CalculateField cadastre_parcel_poly ST_TYPE "BY" VB #</Process><Process ToolSource="C:\Program Files\ArcGIS\Desktop10.0\ArcToolbox\Toolboxes\Data Management Tools.tbx\CalculateField" Date="20131101" Time="143730" Name="" export="">CalculateField cadastre_parcel_poly MAPLOTNO "033-1-127-000" VB #</Process><Process ToolSource="C:\Program Files\ArcGIS\Desktop10.0\ArcToolbox\Toolboxes\Data Management Tools.tbx\CalculateField" Date="20131101" Time="143827" Name="" export="">CalculateField cadastre_parcel_poly PROPERTYRSN 3426 VB #</Process><Process ToolSource="c:\program files (x86)\arcgis\desktop10.3\ArcToolbox\Toolboxes\Data Management Tools.tbx\CalculateField" Date="20150914" Time="104039" Name="" export="">CalculateField parcel_poly_2 PIN "" VB #</Process><Process ToolSource="c:\program files (x86)\arcgis\desktop10.3\ArcToolbox\Toolboxes\Data Management Tools.tbx\CalculateField" Date="20150914" Time="104112" Name="" export="">CalculateField parcel_poly_2 MAPLOTNO "027-4-08X-000" VB #</Process><Process ToolSource="c:\program files (x86)\arcgis\desktop10.3\ArcToolbox\Toolboxes\Data Management Tools.tbx\CalculateField" Date="20150914" Time="104127" Name="" export="">CalculateField parcel_poly_2 ST_NAME "STANIFORD FARMS" VB #</Process><Process ToolSource="c:\program files (x86)\arcgis\desktop10.3\ArcToolbox\Toolboxes\Data Management Tools.tbx\CalculateField" Date="20150914" Time="104138" Name="" export="">CalculateField parcel_poly_2 ST_TYPE "RD" VB #</Process><Process ToolSource="c:\program files (x86)\arcgis\desktop10.3\ArcToolbox\Toolboxes\Data Management Tools.tbx\CalculateField" Date="20150914" Time="104149" Name="" export="">CalculateField parcel_poly_2 FRONTAGE 0 VB #</Process><Process ToolSource="c:\program files (x86)\arcgis\desktop10.3\ArcToolbox\Toolboxes\Data Management Tools.tbx\CalculateField" Date="20150914" Time="104210" Name="" export="">CalculateField parcel_poly_2 PROPERTYRSN 147 VB #</Process><Process ToolSource="c:\program files (x86)\arcgis\desktop10.3\ArcToolbox\Toolboxes\Data Management Tools.tbx\CopyFeatures" Date="20151013" Time="092758" Name="" export="">CopyFeatures C:\Burlington\ArcGIS\Geodatabases\obsolete\update_20150909.gdb\cadastre_parcel_2014\parcel_poly_2 C:\Burlington\ArcGIS\Geodatabases\Burlington_Updates.gdb\cadastre_parcel_2014\parcel_poly_2 # 0 0 0</Process><Process ToolSource="c:\program files (x86)\arcgis\desktop10.3\ArcToolbox\Toolboxes\Data Management Tools.tbx\CalculateField" Date="20160429" Time="120449" Name="" export="">CalculateField VTPARCELS_Burlington2015 TOWN "BURLINGTON" VB #</Process><Process ToolSource="c:\program files (x86)\arcgis\desktop10.3\ArcToolbox\Toolboxes\Data Management Tools.tbx\CalculateField" Date="20160429" Time="120512" Name="" export="">CalculateField VTPARCELS_Burlington2015 YEAR 2015 VB #</Process><Process ToolSource="c:\program files\arcgis\pro\Resources\ArcToolbox\toolboxes\Data Management Tools.tbx\CopyFeatures" Date="20180403" Time="224631">CopyFeatures VTPARCELS_Burlington2015 C:\Users\jennifer.bower\Documents\ArcGIS\Projects\Imp\Imp.gdb\impervious_btv # # # #</Process><Process ToolSource="c:\program files\arcgis\pro\Resources\ArcToolbox\toolboxes\Data Management Tools.tbx\JoinField" Date="20180403" Time="224730">JoinField C:\Users\jennifer.bower\Documents\ArcGIS\Projects\Imp\Imp.gdb\impervious_btv OBJECTID_1 C:\Users\jennifer.bower\Documents\ArcGIS\Projects\Imp\scratch.gdb\statsout FID_impervious_btv SUM_Area_SQUAREMETERS;SUM_Shape_STAr</Process><Process ToolSource="c:\program files\arcgis\pro\Resources\ArcToolbox\toolboxes\Data Management Tools.tbx\CalculateField" Date="20180403" Time="224732">CalculateField C:\Users\jennifer.bower\Documents\ArcGIS\Projects\Imp\Imp.gdb\impervious_btv SUM_Area_SQUAREMETERS convertNoneToZero(!SUM_Area_SQUAREMETERS!) PYTHON "\ndef convertNoneToZero(sum_shape):\n    if sum_shape == None:\n        return 0\n    else:\n        return sum_shape\n"</Process><Process ToolSource="c:\program files\arcgis\pro\Resources\ArcToolbox\toolboxes\Data Management Tools.tbx\CalculateField" Date="20180403" Time="224734">CalculateField C:\Users\jennifer.bower\Documents\ArcGIS\Projects\Imp\Imp.gdb\impervious_btv SUM_Shape_STAr convertNoneToZero(!SUM_Shape_STAr!) PYTHON "\ndef convertNoneToZero(sum_shape):\n    if sum_shape == None:\n        return 0\n    else:\n        return sum_shape\n"</Process><Process ToolSource="c:\program files\arcgis\pro\Resources\ArcToolbox\toolboxes\Analysis Tools.tbx\SummarizeWithin" Date="20180403" Time="224735">SummarizeWithin VTPARCELS_Burlington2015 Land_IMPERVLCB2011_poly_1 C:\Users\jennifer.bower\Documents\ArcGIS\Projects\Imp\Imp.gdb\impervious_btv KEEP_ALL "Shape_STAr Sum" ADD_SHAPE_SUM "Square meters" # NO_MIN_MAJ NO_PERCENT #</Process><Process ToolSource="c:\program files\arcgis\pro\Resources\ArcToolbox\toolboxes\Data Management Tools.tbx\AddField" Date="20180403" Time="224944">AddField "CIMDATA=&lt;CIMStandardDataConnection xsi:type='typens:CIMStandardDataConnection' xmlns:xsi='http://www.w3.org/2001/XMLSchema-instance' xmlns:xs='http://www.w3.org/2001/XMLSchema' xmlns:typens='http://www.esri.com/schemas/ArcGIS/2.1.0'&gt;&lt;WorkspaceConnectionString&gt;DATABASE=C:\Users\jennifer.bower\Documents\ArcGIS\Projects\Imp\Imp.gdb&lt;/WorkspaceConnectionString&gt;&lt;WorkspaceFactory&gt;FileGDB&lt;/WorkspaceFactory&gt;&lt;Dataset&gt;impervious_btv&lt;/Dataset&gt;&lt;DatasetType&gt;esriDTFeatureClass&lt;/DatasetType&gt;&lt;/CIMStandardDataConnection&gt;" Imperv_Percentage "Float (single precision)" # # # Imperv_Percentage NULLABLE NON_REQUIRED #</Process><Process ToolSource="c:\program files\arcgis\pro\Resources\ArcToolbox\toolboxes\Data Management Tools.tbx\CalculateField" Date="20180403" Time="225113">CalculateField impervious_btv Imperv_Percentage !SUM_Shape_STAr!/!Shape_Area! "Python 3" #</Process><Process ToolSource="c:\program files\arcgis\pro\Resources\ArcToolbox\toolboxes\Data Management Tools.tbx\DeleteField" Date="20180403" Time="225350">DeleteField "CIMDATA=&lt;CIMStandardDataConnection xsi:type='typens:CIMStandardDataConnection' xmlns:xsi='http://www.w3.org/2001/XMLSchema-instance' xmlns:xs='http://www.w3.org/2001/XMLSchema' xmlns:typens='http://www.esri.com/schemas/ArcGIS/2.1.0'&gt;&lt;WorkspaceConnectionString&gt;DATABASE=C:\Users\jennifer.bower\Documents\ArcGIS\Projects\Imp\Imp.gdb&lt;/WorkspaceConnectionString&gt;&lt;WorkspaceFactory&gt;FileGDB&lt;/WorkspaceFactory&gt;&lt;Dataset&gt;impervious_btv&lt;/Dataset&gt;&lt;DatasetType&gt;esriDTFeatureClass&lt;/DatasetType&gt;&lt;/CIMStandardDataConnection&gt;" OBJECTID</Process><Process ToolSource="c:\program files\arcgis\pro\Resources\ArcToolbox\toolboxes\Data Management Tools.tbx\DeleteField" Date="20180403" Time="225351">DeleteField "CIMDATA=&lt;CIMStandardDataConnection xsi:type='typens:CIMStandardDataConnection' xmlns:xsi='http://www.w3.org/2001/XMLSchema-instance' xmlns:xs='http://www.w3.org/2001/XMLSchema' xmlns:typens='http://www.esri.com/schemas/ArcGIS/2.1.0'&gt;&lt;WorkspaceConnectionString&gt;DATABASE=C:\Users\jennifer.bower\Documents\ArcGIS\Projects\Imp\Imp.gdb&lt;/WorkspaceConnectionString&gt;&lt;WorkspaceFactory&gt;FileGDB&lt;/WorkspaceFactory&gt;&lt;Dataset&gt;impervious_btv&lt;/Dataset&gt;&lt;DatasetType&gt;esriDTFeatureClass&lt;/DatasetType&gt;&lt;/CIMStandardDataConnection&gt;" PIN</Process><Process ToolSource="c:\program files\arcgis\pro\Resources\ArcToolbox\toolboxes\Data Management Tools.tbx\DeleteField" Date="20180403" Time="225353">DeleteField "CIMDATA=&lt;CIMStandardDataConnection xsi:type='typens:CIMStandardDataConnection' xmlns:xsi='http://www.w3.org/2001/XMLSchema-instance' xmlns:xs='http://www.w3.org/2001/XMLSchema' xmlns:typens='http://www.esri.com/schemas/ArcGIS/2.1.0'&gt;&lt;WorkspaceConnectionString&gt;DATABASE=C:\Users\jennifer.bower\Documents\ArcGIS\Projects\Imp\Imp.gdb&lt;/WorkspaceConnectionString&gt;&lt;WorkspaceFactory&gt;FileGDB&lt;/WorkspaceFactory&gt;&lt;Dataset&gt;impervious_btv&lt;/Dataset&gt;&lt;DatasetType&gt;esriDTFeatureClass&lt;/DatasetType&gt;&lt;/CIMStandardDataConnection&gt;" MAPLOTNO</Process><Process ToolSource="c:\program files\arcgis\pro\Resources\ArcToolbox\toolboxes\Data Management Tools.tbx\DeleteField" Date="20180403" Time="225355">DeleteField "CIMDATA=&lt;CIMStandardDataConnection xsi:type='typens:CIMStandardDataConnection' xmlns:xsi='http://www.w3.org/2001/XMLSchema-instance' xmlns:xs='http://www.w3.org/2001/XMLSchema' xmlns:typens='http://www.esri.com/schemas/ArcGIS/2.1.0'&gt;&lt;WorkspaceConnectionString&gt;DATABASE=C:\Users\jennifer.bower\Documents\ArcGIS\Projects\Imp\Imp.gdb&lt;/WorkspaceConnectionString&gt;&lt;WorkspaceFactory&gt;FileGDB&lt;/WorkspaceFactory&gt;&lt;Dataset&gt;impervious_btv&lt;/Dataset&gt;&lt;DatasetType&gt;esriDTFeatureClass&lt;/DatasetType&gt;&lt;/CIMStandardDataConnection&gt;" Shape_STAr</Process><Process ToolSource="c:\program files\arcgis\pro\Resources\ArcToolbox\toolboxes\Data Management Tools.tbx\DeleteField" Date="20180403" Time="225358">DeleteField "CIMDATA=&lt;CIMStandardDataConnection xsi:type='typens:CIMStandardDataConnection' xmlns:xsi='http://www.w3.org/2001/XMLSchema-instance' xmlns:xs='http://www.w3.org/2001/XMLSchema' xmlns:typens='http://www.esri.com/schemas/ArcGIS/2.1.0'&gt;&lt;WorkspaceConnectionString&gt;DATABASE=C:\Users\jennifer.bower\Documents\ArcGIS\Projects\Imp\Imp.gdb&lt;/WorkspaceConnectionString&gt;&lt;WorkspaceFactory&gt;FileGDB&lt;/WorkspaceFactory&gt;&lt;Dataset&gt;impervious_btv&lt;/Dataset&gt;&lt;DatasetType&gt;esriDTFeatureClass&lt;/DatasetType&gt;&lt;/CIMStandardDataConnection&gt;" Shape_STLe</Process><Process ToolSource="c:\program files\arcgis\pro\Resources\ArcToolbox\toolboxes\Data Management Tools.tbx\DeleteField" Date="20180403" Time="225449">DeleteField "CIMDATA=&lt;CIMStandardDataConnection xsi:type='typens:CIMStandardDataConnection' xmlns:xsi='http://www.w3.org/2001/XMLSchema-instance' xmlns:xs='http://www.w3.org/2001/XMLSchema' xmlns:typens='http://www.esri.com/schemas/ArcGIS/2.1.0'&gt;&lt;WorkspaceConnectionString&gt;DATABASE=C:\Users\jennifer.bower\Documents\ArcGIS\Projects\Imp\Imp.gdb&lt;/WorkspaceConnectionString&gt;&lt;WorkspaceFactory&gt;FileGDB&lt;/WorkspaceFactory&gt;&lt;Dataset&gt;impervious_btv&lt;/Dataset&gt;&lt;DatasetType&gt;esriDTFeatureClass&lt;/DatasetType&gt;&lt;/CIMStandardDataConnection&gt;" SUM_Area_SQUAREMETERS</Process><Process ToolSource="c:\program files\arcgis\pro\Resources\ArcToolbox\toolboxes\Data Management Tools.tbx\CopyFeatures" Date="20180403" Time="225557">CopyFeatures impervious_btv C:\Users\jennifer.bower\Desktop\demos\parcels\impervious_btv.shp # # # #</Process><Process ToolSource="c:\program files\arcgis\pro\Resources\ArcToolbox\toolboxes\Data Management Tools.tbx\DeleteField" Date="20180403" Time="225611">DeleteField impervious_btv Shape_Area</Process><Process ToolSource="c:\program files\arcgis\pro\Resources\ArcToolbox\toolboxes\Data Management Tools.tbx\DeleteField" Date="20180403" Time="225620">DeleteField impervious_btv Shape_Leng</Process></lineage><copyHistory><copy source="S:\VCGI\VCGI-Data\DataDev\VCGI_Maintained\Datasets\vtparcels\CCRPC\2016a_update\VTPARCELS_Burlington2015" dest="\\ACCD-IBROWN\C$\temp_work\parcels_ws\VTPARCELS_Burlington2015" date="20160703" time="11385100"></copy></copyHistory></DataProperties><SyncDate>20180403</SyncDate><SyncTime>22555700</SyncTime><ModDate>20180403</ModDate><ModTime>22555700</ModTime><scaleRange><minScale>150000000</minScale><maxScale>5000</maxScale></scaleRange><ArcGISProfile>ItemDescription</ArcGISProfile><ArcGISstyle>FGDC CSDGM Metadata</ArcGISstyle></Esri><dataIdInfo><envirDesc Sync="TRUE">Microsoft Windows 10 Version 10.0 (Build 14393) ; Esri ArcGIS 12.1.1.10257</envirDesc><dataLang><languageCode value="eng" Sync="TRUE"/><countryCode value="USA" Sync="TRUE"/></dataLang><idCitation><resTitle Sync="TRUE">impervious_btv</resTitle><presForm><PresFormCd value="005" Sync="TRUE"/></presForm></idCitation><spatRpType><SpatRepTypCd value="001" Sync="TRUE"/></spatRpType><dataExt><geoEle xmlns=""><GeoBndBox esriExtentType="search"><exTypeCode Sync="TRUE">1</exTypeCode><westBL Sync="TRUE">-73.277459</westBL><eastBL Sync="TRUE">-73.175347</eastBL><northBL Sync="TRUE">44.540503</northBL><southBL Sync="TRUE">44.445471</southBL></GeoBndBox></geoEle></dataExt><idPurp>2015 Tax Parcel Boundaries for Burlington Vermont</idPurp><idAbs>&lt;DIV STYLE="text-align:Left;"&gt;&lt;DIV&gt;&lt;P&gt;&lt;SPAN&gt;2015 Tax Parcel Boundaries for Burlington Vermont&lt;/SPAN&gt;&lt;/P&gt;&lt;/DIV&gt;&lt;/DIV&gt;</idAbs><idCredit>City of Burlington, Vermont</idCredit><searchKeys><keyword>Burlington</keyword><keyword>Vermont</keyword><keyword>Parcels</keyword></searchKeys></dataIdInfo><mdLang><languageCode value="eng" Sync="TRUE"/><countryCode value="USA" Sync="TRUE"/></mdLang><distInfo><distFormat><formatName Sync="TRUE">Shapefile</formatName></distFormat><distTranOps><transSize Sync="TRUE">0.000</transSize></distTranOps></distInfo><mdHrLv><ScopeCd value="005" Sync="TRUE"/></mdHrLv><mdHrLvName Sync="TRUE">dataset</mdHrLvName><refSysInfo><RefSystem><refSysID><identCode code="32145" Sync="TRUE"/><idCodeSpace Sync="TRUE">EPSG</idCodeSpace><idVersion Sync="TRUE">7.9.3(3.0.1)</idVersion></refSysID></RefSystem></refSysInfo><spatRepInfo><VectSpatRep><geometObjs Name="impervious_btv"><geoObjTyp><GeoObjTypCd value="002" Sync="TRUE"></GeoObjTypCd></geoObjTyp><geoObjCnt Sync="TRUE">0</geoObjCnt></geometObjs><topLvl><TopoLevCd value="001" Sync="TRUE"></TopoLevCd></topLvl></VectSpatRep></spatRepInfo><spdoinfo><ptvctinf><esriterm Name="impervious_btv"><efeatyp Sync="TRUE">Simple</efeatyp><efeageom code="4" Sync="TRUE"></efeageom><esritopo Sync="TRUE">FALSE</esritopo><efeacnt Sync="TRUE">0</efeacnt><spindex Sync="TRUE">FALSE</spindex><linrefer Sync="TRUE">FALSE</linrefer></esriterm></ptvctinf></spdoinfo><eainfo><detailed Name="impervious_btv"><enttyp><enttypl Sync="TRUE">impervious_btv</enttypl><enttypt Sync="TRUE">Feature Class</enttypt><enttypc Sync="TRUE">0</enttypc></enttyp><attr><attrlabl Sync="TRUE">FID</attrlabl><attalias Sync="TRUE">FID</attalias><attrtype Sync="TRUE">OID</attrtype><attwidth Sync="TRUE">4</attwidth><atprecis Sync="TRUE">0</atprecis><attscale Sync="TRUE">0</attscale><attrdef Sync="TRUE">Internal feature number.</attrdef><attrdefs Sync="TRUE">Esri</attrdefs><attrdomv><udom Sync="TRUE">Sequential unique whole numbers that are automatically generated.</udom></attrdomv></attr><attr><attrlabl Sync="TRUE">Shape</attrlabl><attalias Sync="TRUE">Shape</attalias><attrtype Sync="TRUE">Geometry</attrtype><attwidth Sync="TRUE">0</attwidth><atprecis Sync="TRUE">0</atprecis><attscale Sync="TRUE">0</attscale><attrdef Sync="TRUE">Feature geometry.</attrdef><attrdefs Sync="TRUE">ESRI</attrdefs><attrdomv><udom Sync="TRUE">Coordinates defining the features.</udom></attrdomv></attr><attr><attrlabl Sync="TRUE">TOWN</attrlabl><attalias Sync="TRUE">TOWN</attalias><attrtype Sync="TRUE">String</attrtype><attwidth Sync="TRUE">20</attwidth><atprecis Sync="TRUE">0</atprecis><attscale Sync="TRUE">0</attscale></attr><attr><attrlabl Sync="TRUE">YEAR</attrlabl><attalias Sync="TRUE">YEAR</attalias><attrtype Sync="TRUE">Integer</attrtype><attwidth Sync="TRUE">10</attwidth><atprecis Sync="TRUE">10</atprecis><attscale Sync="TRUE">0</attscale></attr><attr><attrlabl Sync="TRUE">Shape_Leng</attrlabl><attalias Sync="TRUE">Shape_Leng</attalias><attrtype Sync="TRUE">Double</attrtype><attwidth Sync="TRUE">19</attwidth><atprecis Sync="TRUE">0</atprecis><attscale Sync="TRUE">0</attscale></attr><attr><attrlabl Sync="TRUE">Shape_Area</attrlabl><attalias Sync="TRUE">Shape_Area</attalias><attrtype Sync="TRUE">Double</attrtype><attwidth Sync="TRUE">19</attwidth><atprecis Sync="TRUE">0</atprecis><attscale Sync="TRUE">0</attscale><attrdef Sync="TRUE">Area of feature in internal units squared.</attrdef><attrdefs Sync="TRUE">Esri</attrdefs><attrdomv><udom Sync="TRUE">Positive real numbers that are automatically generated.</udom></attrdomv></attr><attr><attrlabl Sync="TRUE">SUM_Shape_</attrlabl><attalias Sync="TRUE">SUM_Shape_</attalias><attrtype Sync="TRUE">Double</attrtype><attwidth Sync="TRUE">19</attwidth><atprecis Sync="TRUE">0</atprecis><attscale Sync="TRUE">0</attscale></attr><attr><attrlabl Sync="TRUE">Imperv_Per</attrlabl><attalias Sync="TRUE">Imperv_Per</attalias><attrtype Sync="TRUE">Single</attrtype><attwidth Sync="TRUE">13</attwidth><atprecis Sync="TRUE">0</atprecis><attscale Sync="TRUE">0</attscale></attr></detailed></eainfo><mdDateSt Sync="TRUE">20180403</mdDateSt><mdChar><CharSetCd value="004" Sync="TRUE"/></mdChar></metadata>
